No,IssueAccommodation,IssueDestination,IssueTransportation,IssueSeason,Arg. Label,Arg. Value,Text,Excited,Happy,Neutral,Sad,Angry,IssueAccommodationAgent,IssueDestinationAgent,IssueTransportationAgent,IssueSeasonAgent,IssueAccommodationHuman,IssueDestinationHuman,IssueTransportationHuman,IssueSeasonHuman,Domain,
1,Caravan,London,Car,Autumn,"Any","0","i want to go to london on fall . we can stay in caravan and travel with it .",0.0,1.0,0.0,0.0,0.0,,,,,,,,,Holiday1,
3,Hostel,London,Car,Autumn,"Comparison","Hotel","what do you think about staying in hostel instead of hotel ?",0.0,0.0,1.0,0.0,0.0,Hotel,Tokyo,Taxi,Winter,Caravan,London,Car,Autumn,Holiday1,
5,Hostel,London,Car,Autumn,"Conditional Constraint-n-r,Comparison","Winter;London,Hotel","winter can be cold in london . using car is a good option , i want to stay in hostel instead of hotel .",0.0,0.21,0.79,0.0,0.0,Hotel,Tokyo,Taxi,Winter,Hostel,London,Car,Autumn,Holiday1,
7,House,London,Car,Autumn,"Conditional Constraint-n-d","Tokyo;Winter","i don't want to go to tokyo in winter . i want to go to london on fall . i want to use car . i want to stay in a house .",0.0,0.0,0.0,0.0,1.0,Hotel,Tokyo,Subway,Winter,Hostel,London,Car,Autumn,Holiday1,
9,Caravan,London,Car,Spring,"Rewarding-cc","Spring","we can go to spring , if we go to london and stay in caravan . we can travel with it .",0.0,0.0,0.0,0.0,1.0,House,Tokyo,Subway,Autumn,House,London,Car,Autumn,Holiday1,
11,Caravan,Paris,Car,Spring,"Comparison","London","what about going paris instead of london ?",0.0,0.0,0.0,1.0,0.0,Caravan,Istanbul,Car,Winter,Caravan,London,Car,Spring,Holiday1,
13,Caravan,Paris,Car,Autumn,"Rewarding-cc","Caravan","we can stay in caravan if we go on autumn to paris . we can use car for traveling .",0.0,0.0,0.55,0.45,0.0,House,Paris,Car,Winter,Caravan,Paris,Car,Spring,Holiday1,
15,Caravan,Istanbul,Car,Autumn,"Rewarding-cc,Rewarding-cc","Istanbul,Caravan","okay , let's go to istanbul and stay in caravan as you wish , we can use car for in city transportation in fall .",0.0,0.0,0.55,0.45,0.0,Caravan,Istanbul,Car,Winter,Caravan,Paris,Car,Autumn,Holiday1,
17,House,Berlin,Car,Autumn,"Conditional Constraint-n-r","Winter;London","london in winter could be cold . let's stay in house and go to berlin in autumn . we can use car for traveling .",0.0,0.48,0.31,0.21,0.0,House,London,Car,Winter,Caravan,Istanbul,Car,Autumn,Holiday1,
19,Tent,Berlin,Bike,Autumn,"Any","0","let's stay in a tent and use bike in berlin on fall .",0.0,0.0,0.0,1.0,0.0,House,Berlin,Bus,Spring,House,Berlin,Car,Autumn,Holiday1,
21,Tent,London,Bike,Autumn,"Preference-p-d,Conditional Constraint-p-d","London,Bike;London","i love london ! : ) riding bike is the best option in london in autumn . we can stay in tent ?",0.0,1.0,0.0,0.0,0.0,Hostel,London,Bike,Autumn,Tent,Berlin,Bike,Autumn,Holiday1,
23,House,London,Bike,Autumn,"Rewarding-cc","House","i can stay in house if we ride bike ?",0.0,1.0,0.0,0.0,0.0,House,London,Subway,Autumn,Tent,London,Bike,Autumn,Holiday1,
25,Caravan,London,Bike,Spring,"Preference-p-d","London","i am ok if we go to london",0.13,0.48,0.13,0.13,0.13,Caravan,Berlin,Bike,Spring,House,London,Bike,Autumn,Holiday1,
27,Caravan,Paris,Bike,Spring,"Comparison","Berlin","what about paris instead of berlin ?",0.13,0.48,0.13,0.13,0.13,Caravan,Berlin,Bike,Spring,Caravan,London,Bike,Spring,Holiday1,
29,Caravan,Paris,Bike,Spring,"Hard Constraint-p-d","Paris","but i want to go to paris !",0.0,0.0,0.0,0.7,0.3,Caravan,Berlin,Bike,Spring,Caravan,Paris,Bike,Spring,Holiday1,
31,House,London,Bike,Spring,"Rewarding-cc","House","i can accept house if we go to london in spring . we can use bike for transportation .",0.0,0.0,0.0,0.7,0.3,House,London,Car,Winter,Caravan,Paris,Bike,Spring,Holiday1,
33,House,London,Bike,Spring,"Threatening","0","we can not agree like this !",0.0,0.0,0.0,0.0,1.0,Caravan,Istanbul,Car,Winter,House,London,Bike,Spring,Holiday1,
35,House,Paris,Bike,Spring,"Any","0","what about going to paris in spring and using bike , we can rent in a house .",0.0,0.0,0.0,0.0,1.0,House,Paris,Bus,Summer,House,London,Bike,Spring,Holiday1,
37,House,Paris,Bike,Spring,"Hard Constraint-n-d,Preference-p-r","Berlin,Paris","i can not go to berlin , i want paris . i always wonder to see paris . i always wonder to ride bike in paris streets . we can stay in a house on spring as you want .",0.0,0.0,0.0,1.0,0.0,House,Berlin,Subway,Spring,House,Paris,Bike,Spring,Holiday1,
39,Caravan,Barcelona,Bus,Autumn,"Any","0","i want to go to barcelona on fall . i want to use bus and stay in a caravan .",0.2,0.2,0.2,0.2,0.2,,,,,,,,,Holiday2,
41,Caravan,Barcelona,Bus,Autumn,"Hard Constraint-n-r,Preference-p-d,Hard Constraint-n-r","Summer,Caravan,Bike","i have no free time in summer . we could go to on fall . i also want to stay in a caravan . i do not know how to ride a bike . we can go to barcelona .",0.18,0.18,0.18,0.27,0.18,Hostel,Seoul,Bike,Summer,Caravan,Barcelona,Bus,Autumn,Holiday2,
43,Caravan,Barcelona,Bus,Autumn,"Preference-n-r","Summer","i have no time for a summer vacation . i am really busy in summer .",0.0,0.0,0.0,0.0,1.0,Hostel,Seoul,Bike,Summer,Caravan,Barcelona,Bus,Autumn,Holiday2,
45,Caravan,Barcelona,Bus,Winter,"Hard Constraint-n-d","Summer","i can not accept a summer vacation , do not insist .",0.01,0.01,0.66,0.01,0.33,Hostel,Seoul,Bike,Summer,Caravan,Barcelona,Bus,Autumn,Holiday2,
47,Caravan,Boston,Bus,Winter,"Any","0","then , what about boston in winter ? we can use bus for transportation . we can stay in a caravan .",0.0,0.11,0.61,0.0,0.28,Hotel,Milan,Bike,Spring,Caravan,Barcelona,Bus,Winter,Holiday2,
49,Caravan,Boston,Bus,Winter,"Hard Constraint-n-r,Awareness Feedback","Hotel,0","hotel is too expensive . do not insist anymore .",0.0,0.0,0.0,0.0,1.0,Hotel,Seoul,Car,Summer,Caravan,Boston,Bus,Winter,Holiday2,
51,Caravan,Boston,Subway,Winter,"Preference-n-r,Comparison","Bike,Bike","i do not know how to use bike . sorry , we can use subway instead of bike .",0.0,0.0,0.0,0.0,1.0,Hostel,Seoul,Bike,Spring,Caravan,Boston,Bus,Winter,Holiday2,
53,Hostel,Boston,Bus,Winter,"Rewarding-cc,Rewarding-cc","Boston,Hostel","thank you for winter , we can go to boston and stay in hostel as you want . we can use bus as i want .",0.0,0.0,0.0,0.72,0.28,Hostel,Seoul,Bike,Winter,Caravan,Boston,Subway,Winter,Holiday2,
55,Hostel,Boston,Subway,Autumn,"Any","0","i want to go to boston on autumn . let's use subway and stay in a hostel .",0.0,0.0,0.0,0.85,0.15,Hotel,Barcelona,Bike,Spring,Hostel,Boston,Bus,Winter,Holiday2,
57,Hostel,Milan,Subway,Autumn,"Comparison","Bike","i can accept milan , hostel and fall . however , i want to use subway instead of bike .",0.0,0.67,0.0,0.33,0.0,Hostel,Milan,Bike,Autumn,Hostel,Boston,Subway,Autumn,Holiday2,
59,Hostel,Milan,Subway,Autumn,"Preference-n-r,Preference-n-r","Amsterdam,Summer","i have already been amsterdam . also , i have no time in summer . do not insist on summer , please .",0.0,0.33,0.0,0.67,0.0,Hotel,Amsterdam,Subway,Summer,Hostel,Milan,Subway,Autumn,Holiday2,
61,House,Boston,Subway,Winter,"Any","0","what about winter ? we can stay in house in boston . we can use subway ?",0.0,0.25,0.0,0.75,0.0,Hostel,Amsterdam,Taxi,Spring,Hostel,Milan,Subway,Autumn,Holiday2,
63,Hostel,Boston,Subway,Winter,"Preference-n-r","Seoul","seoul is too far . boston is more preferable for me . we can stay in a hostel and use subway .",0.04,0.27,0.04,0.63,0.04,Hostel,Seoul,Car,Winter,House,Boston,Subway,Winter,Holiday2,
65,Hostel,Milan,Subway,Autumn,"Any","0","what about milan in fall ?",0.04,0.27,0.04,0.63,0.04,House,Seoul,Bike,Autumn,Hostel,Boston,Subway,Winter,Holiday2,
67,Hostel,Milan,Car,Autumn,"Rewarding-cc","Autumn","i can accept if we go on fall ?",0.0,0.7,0.0,0.3,0.0,Hostel,Milan,Car,Spring,Hostel,Milan,Subway,Autumn,Holiday2,
69,Hostel,Milan,Car,Autumn,"Any","0","no .",0.0,0.0,0.0,0.0,1.0,Hostel,Seoul,Taxi,Spring,Hostel,Milan,Car,Autumn,Holiday2,
71,Hostel,London,Taxi,Spring,"Any","0","i want to go to london in spring , we can use taxi and stay in a hostel .",1.0,0.0,0.0,0.0,0.0,,,,,,,,,Holiday1,
73,Hostel,London,Taxi,Spring,"Preference-n-r,Comparison","Bike,Bike","riding bike is not comfortable . taxi is more comfortable than bike .",0.0,0.0,1.0,0.0,0.0,Tent,Tokyo,Bike,Winter,Hostel,London,Taxi,Spring,Holiday1,
75,Hostel,London,Taxi,Spring,"Preference-n-r,Preference-n-r","Winter,Tent","sorry but winter could be cold . tent is not comfortable . i can not ride bike , i want to rest .",0.0,0.0,1.0,0.0,0.0,Tent,Tokyo,Bike,Winter,Hostel,London,Taxi,Spring,Holiday1,
77,House,London,Taxi,Spring,"Comparison","Tent","house is more comfortable than tent . we can go to london in spring , we can use taxi .",0.0,0.0,1.0,0.0,0.0,Tent,Tokyo,Bike,Winter,Hostel,London,Taxi,Spring,Holiday1,
79,House,London,Taxi,Autumn,"Comparison","Spring","what about autumn instead of spring ? i can not go on summer .",0.0,0.0,0.0,1.0,0.0,Tent,Tokyo,Bus,Summer,House,London,Taxi,Spring,Holiday1,
81,House,Berlin,Taxi,Autumn,"Any","0","let's go to berlin then . we can use taxi in berlin in fall . we can rent a house in berlin .",0.0,0.0,0.0,1.0,0.0,Tent,Tokyo,Bike,Winter,House,London,Taxi,Autumn,Holiday1,
83,House,Berlin,Car,Autumn,"Any","0","then let's rent a car for transportation . we can stay in a house . let's go to berlin in fall .",0.0,0.0,0.4,0.6,0.0,Tent,Tokyo,Bike,Winter,House,Berlin,Taxi,Autumn,Holiday1,
85,House,London,Taxi,Winter,"Rewarding-cc,Rewarding-cc","London,Winter","i can go to london in winter as you wish , if we use taxi and stay in a house .",0.0,0.0,0.76,0.24,0.0,Tent,Tokyo,Bus,Winter,House,Berlin,Car,Autumn,Holiday1,
87,House,London,Taxi,Winter,"Conditional Constraint-n-d","Tent;Istanbul","tent in istanbul ? it is not possible .",0.0,0.0,0.59,0.07,0.34,Tent,Istanbul,Bike,Winter,House,London,Taxi,Winter,Holiday1,
89,House,Berlin,Taxi,Winter,"Any","0","let's go to berlin in winter . we can use taxi and stay in a house .",0.0,0.0,0.56,0.14,0.31,Tent,Tokyo,Subway,Summer,House,London,Taxi,Winter,Holiday1,
91,House,Berlin,Taxi,Winter,"Preference-n-r","Bike","i want to rest , i can not ride a bike , sorry .",0.0,0.0,0.29,0.67,0.04,Caravan,Istanbul,Bike,Winter,House,Berlin,Taxi,Winter,Holiday1,
93,House,Berlin,Taxi,Winter,"Preference-n-r","Tokyo","i have already seen tokyo .",0.0,0.0,0.23,0.77,0.0,Caravan,Tokyo,Bus,Winter,House,Berlin,Taxi,Winter,Holiday1,
95,House,Berlin,Taxi,Winter,"Any","0","no .",0.0,0.0,0.0,0.0,1.0,Tent,Tokyo,Subway,Summer,House,Berlin,Taxi,Winter,Holiday1,
97,House,Berlin,Taxi,Winter,"Hard Constraint-n-d","Tent","i can not rest in a tent !",0.0,0.0,0.0,0.0,1.0,Tent,Tokyo,Bus,Winter,House,Berlin,Taxi,Winter,Holiday1,
99,House,Berlin,Taxi,Summer,"Rewarding-cc","Summer","i can go on summer if we stay in a house , use taxi and go to berlin .",0.0,0.0,0.0,0.58,0.42,Tent,Tokyo,Bike,Summer,House,Berlin,Taxi,Winter,Holiday1,
101,House,Berlin,Taxi,Summer,"Preference-n-d,Conditional Constraint-n-d","Bus,Tent;Winter","i can not use bus . i can not stay in a tent in winter .",0.0,0.0,0.0,0.42,0.58,Tent,Tokyo,Bus,Winter,House,Berlin,Taxi,Summer,Holiday1,
103,House,Berlin,Taxi,Winter,"Hard Constraint-p-d,Conditional Constraint-p-r","Taxi,Berlin;Winter","taxi is the best option for me . we can go to berlin in winter . we can watch snowing in our house .",0.0,0.71,0.0,0.07,0.23,Tent,Tokyo,Taxi,Winter,House,Berlin,Taxi,Summer,Holiday1,
105,House,Berlin,Taxi,Winter,"Preference-n-d,Preference-n-d","Bike,Tent","i can not use bike and stay in tent .",0.0,0.56,0.0,0.36,0.08,Tent,Tokyo,Bike,Winter,House,Berlin,Taxi,Winter,Holiday1,
107,House,Berlin,Taxi,Winter,"Awareness Feedback","0","we can not agree like that !",0.0,0.0,0.0,0.0,1.0,Tent,Tokyo,Bike,Winter,House,Berlin,Taxi,Winter,Holiday1,
109,House,Berlin,Taxi,Winter,"Any","0","no .",0.0,0.0,0.0,0.0,1.0,Tent,Tokyo,Bike,Winter,House,Berlin,Taxi,Winter,Holiday1,
111,Hostel,London,Taxi,Spring,"Any","0","i want to go to london in spring . i want to use taxi and stay in a hostel .",0.0,0.0,0.0,0.0,1.0,Tent,Tokyo,Bike,Winter,House,Berlin,Taxi,Winter,Holiday1,
113,Hotel,London,Taxi,Spring,"Any","0","what about hotel ?",0.0,0.0,0.0,0.68,0.32,Tent,Tokyo,Bike,Winter,Hostel,London,Taxi,Spring,Holiday1,
115,Hotel,Berlin,Taxi,Spring,"Any","0","what about berlin ?",0.0,0.0,0.0,1.0,0.0,Tent,Tokyo,Bike,Winter,Hotel,London,Taxi,Spring,Holiday1,
117,Tent,Berlin,Taxi,Spring,"Preference-n-d","Bus","i can not use bus . let's stay in tent if we go to berlin in spring , and use taxi .",0.0,0.0,0.69,0.31,0.0,Tent,Tokyo,Bus,Winter,Hotel,Berlin,Taxi,Spring,Holiday1,
119,Tent,Berlin,Taxi,Spring,"Hard Constraint-n-d","Tent","i hate tent , but its ok for me . spring is the best option for me . let's go to berlin and use taxi .",0.0,0.0,1.0,0.0,0.0,Tent,Tokyo,Bus,Spring,Tent,Berlin,Taxi,Spring,Holiday1,
121,Tent,Berlin,Taxi,Autumn,"Any","0","ok , what about fall ?",0.0,0.0,1.0,0.0,0.0,Caravan,Paris,Taxi,Winter,Tent,Berlin,Taxi,Spring,Holiday1,
123,Hostel,Seoul,Taxi,Autumn,"Any","0","i want to go to seoul in fall . we can stay in a hostel and use taxi .",0.0,0.0,1.0,0.0,0.0,,,,,,,,,Holiday2,
125,Hostel,Seoul,Taxi,Autumn,"Preference-p-r","Seoul","i wonder asian culture . let's go to seoul instead of amsterdam .",0.0,0.0,1.0,0.0,0.0,Tent,Amsterdam,Bus,Summer,Hostel,Seoul,Taxi,Autumn,Holiday2,
127,Hostel,Seoul,Taxi,Summer,"Preference-n-r","Tent","tent is not comfortable , we can stay in a hostel instead . in summer , i have different plan , but i can go to seoul with you in summer .",0.0,0.0,1.0,0.0,0.0,Tent,Amsterdam,Bus,Summer,Hostel,Seoul,Taxi,Autumn,Holiday2,
129,Hostel,Seoul,Taxi,Summer,"Preference-n-d","Boston","haha ok , i am feeling a bit happier . i can not go to boston .",0.06,0.78,0.06,0.06,0.06,Tent,Boston,Bike,Winter,Hostel,Seoul,Taxi,Summer,Holiday2,
131,Hotel,Seoul,Taxi,Autumn,"Rewarding-cc","Hotel","if we stay in hotel as you wish , we should go to korea in fall . we can use taxi .",0.06,0.78,0.06,0.06,0.06,Hotel,Boston,Bus,Spring,Hostel,Seoul,Taxi,Summer,Holiday2,
133,Hotel,Seoul,Taxi,Spring,"Rewarding-cc","Spring","i can go on spring , if we go to seoul . we can use taxi .",0.0,0.5,0.5,0.0,0.0,Hostel,Boston,Bike,Spring,Hotel,Seoul,Taxi,Autumn,Holiday2,
135,Hotel,Seoul,Taxi,Spring,"Preference-n-r","Bike","i do not know how to ride a bike .",0.0,0.0,0.28,0.72,0.0,Tent,Boston,Bike,Winter,Hotel,Seoul,Taxi,Spring,Holiday2,
137,Hostel,Seoul,Taxi,Spring,"Comparison,Hard Constraint-n-d","Tent,Boston","i prefer hostel instead of tent . i hate boston . let's use taxi in spring .",0.0,0.0,0.28,0.72,0.0,Tent,Boston,Bike,Winter,Hotel,Seoul,Taxi,Spring,Holiday2,
139,Hostel,Seoul,Taxi,Spring,"Awareness Feedback,Hard Constraint-n-d","0,Boston","you insist boston , do not do that . we can not agree like this .",0.0,0.0,0.03,0.47,0.5,Tent,Boston,Bike,Winter,Hostel,Seoul,Taxi,Spring,Holiday2,
141,Hostel,Seoul,Taxi,Spring,"Threatening","0","no .",0.0,0.0,0.0,0.0,1.0,Tent,Boston,Bike,Winter,Hostel,Seoul,Taxi,Spring,Holiday2,
143,Tent,Boston,Bike,Winter,"Acceptance","0","i accept your offer : )",0.0,0.0,0.0,0.51,0.49,Tent,Boston,Bike,Winter,Hostel,Seoul,Taxi,Spring,Holiday2,
144,Hotel,Seoul,Taxi,Spring,"Any","0","hello , let's go to kore in spring . we can stay in a hotel . we can use taxi . what do you think ?",0.0,1.0,0.0,0.0,0.0,,,,,,,,,Holiday2,
146,Hotel,Seoul,Taxi,Spring,"Preference-p-r","Seoul","i want to eat ramen in seoul . in spring , we can use taxi and stay in a hotel .",0.0,0.75,0.25,0.0,0.0,Tent,Boston,Subway,Winter,Hotel,Seoul,Taxi,Spring,Holiday2,
148,Tent,Seoul,Taxi,Spring,"Hard Constraint-n-d,Preference-n-r,Rewarding-cc","Boston,Winter,Tent","boston is disgusting . also , winter is cold . let's go in spring to seoul . i am okay staying in tent but we should use taxi .",0.0,0.75,0.25,0.0,0.0,Tent,Boston,Subway,Winter,Hotel,Seoul,Taxi,Spring,Holiday2,
150,Tent,Seoul,Taxi,Spring,"Preference-p-r","Seoul","but i haven't seen seoul yet .",0.0,0.33,0.0,0.67,0.0,Tent,Amsterdam,Car,Autumn,Tent,Seoul,Taxi,Spring,Holiday2,
152,Tent,Seoul,Taxi,Spring,"Preference-n-r","Winter","in winter i have no free time too .",0.0,0.33,0.0,0.67,0.0,Tent,Boston,Subway,Winter,Tent,Seoul,Taxi,Spring,Holiday2,
154,Tent,Seoul,Car,Spring,"Any","0","what about using car ?",0.0,0.33,0.0,0.67,0.0,Tent,Boston,Subway,Winter,Tent,Seoul,Taxi,Spring,Holiday2,
156,Tent,Seoul,Car,Spring,"Hard Constraint-p-d","Seoul","i will insist seoul , sorry .",0.0,0.0,0.0,1.0,0.0,Tent,Boston,Subway,Winter,Tent,Seoul,Car,Spring,Holiday2,
158,Tent,Seoul,Car,Spring,"Rewarding-cc","Seoul","i understand that you want to stay in a tent . but , i want to stay in seoul , please concede a bit .",0.0,0.0,0.0,1.0,0.0,Tent,Amsterdam,Subway,Winter,Tent,Seoul,Car,Spring,Holiday2,
160,Tent,Seoul,Car,Summer,"Any","0","what about summer ?",0.0,0.0,0.41,0.59,0.0,Tent,Boston,Subway,Autumn,Tent,Seoul,Car,Spring,Holiday2,
162,Tent,Seoul,Subway,Spring,"Rewarding-cc,Rewarding-cc","Subway,Tent","we can use subway and stay in tent , if we go to seoul in spring .",0.0,0.0,0.72,0.28,0.0,Tent,Barcelona,Subway,Autumn,Tent,Seoul,Car,Summer,Holiday2,
164,Tent,Seoul,Bus,Summer,"Preference-p-d","Bus","bus is more preferable for me , thank you . let's go to seoul in summer ? we can stay in tent and use bus ?",0.0,0.83,0.17,0.0,0.0,Tent,Boston,Bus,Winter,Tent,Seoul,Subway,Spring,Holiday2,
166,Caravan,Milan,Bus,Summer,"Any","0","what about going milan in summer ? we can stay in caravan and use bus .",0.0,0.83,0.17,0.0,0.0,Caravan,Barcelona,Car,Summer,Tent,Seoul,Bus,Summer,Holiday2,
168,Caravan,Barcelona,Bus,Spring,"Rewarding-cc,Rewarding-cc","Barcelona,Spring","if we stay in caravan and use bus , i can go with you to barcelona in spring .",0.01,0.55,0.43,0.01,0.01,House,Barcelona,Subway,Spring,Caravan,Milan,Bus,Summer,Holiday2,
170,Caravan,Barcelona,Bus,Spring,"Hard Constraint-n-d","Boston","i hate boston . do not say it again .",0.0,0.0,0.0,0.0,1.0,Hotel,Boston,Car,Winter,Caravan,Barcelona,Bus,Spring,Holiday2,
172,House,Paris,Car,Winter,"Any","0","i want to go to paris in winter , we can drive from our house .",0.2,0.2,0.2,0.2,0.2,,,,,,,,,Holiday1,
174,House,Paris,Car,Spring,"Rewarding-cc","Spring","ok , let's go to spring as you wish , if we go to paris and stay in a house . we can drive our rented car .",0.0,0.0,1.0,0.0,0.0,Hostel,London,Subway,Spring,House,Paris,Car,Winter,Holiday1,
176,House,Paris,Car,Spring,"Preference-n-r","Istanbul","i am living in istanbul . let's go to paris instead .",0.0,0.0,0.9,0.1,0.0,Hotel,Istanbul,Bike,Autumn,House,Paris,Car,Spring,Holiday1,
178,House,Paris,Bus,Autumn,"Any","0","ok , let's use bus , go to paris in fall , stay in a house .",0.0,0.0,0.9,0.1,0.0,Caravan,Istanbul,Bike,Spring,House,Paris,Car,Spring,Holiday1,
180,House,Paris,Bus,Autumn,"Conditional Constraint-n-d","Istanbul;Bike","we can not ride bike in istanbul .",0.0,0.0,0.0,1.0,0.0,Caravan,Istanbul,Bike,Spring,House,Paris,Bus,Autumn,Holiday1,
182,House,Paris,Bike,Spring,"Conditional Constraint-p-r","Paris;Bike","let's go to paris in spring . we can use bike in paris streets . paris streets are more comfortable for bike than istanbul . we can also rent a house for accommodation .",0.0,0.0,0.61,0.39,0.0,Caravan,Istanbul,Bike,Spring,House,Paris,Bus,Autumn,Holiday1,
184,House,Paris,Taxi,Autumn,"Comparison,Hard Constraint-p-d","Spring,Paris","autumn vacation is more preferable than spring vacation for me . let's use taxi as use want . paris is my favorite city to see .",1.0,0.0,0.0,0.0,0.0,Hostel,Paris,Taxi,Autumn,House,Paris,Bike,Spring,Holiday1,
186,Caravan,Paris,Taxi,Autumn,"Any","0","what about staying in caravan ?",0.0,1.0,0.0,0.0,0.0,Hotel,Paris,Subway,Summer,House,Paris,Taxi,Autumn,Holiday1,
188,Caravan,London,Car,Autumn,"Hard Constraint-n-d","Tokyo","i hate tokyo too . what about london in fall ? we can stay in a caravan and use car .",0.0,1.0,0.0,0.0,0.0,Hostel,Tokyo,Car,Spring,Caravan,Paris,Taxi,Autumn,Holiday1,
190,Caravan,London,Taxi,Autumn,"Rewarding-cc","Taxi","ok , let's use taxi as you want , i want to go to london in fall . we can stay in a caravan .",0.0,0.0,1.0,0.0,0.0,Hostel,London,Taxi,Autumn,Caravan,London,Car,Autumn,Holiday1,
192,Caravan,Paris,Taxi,Autumn,"Rewarding-cc,Rewarding-cc,Preference-p-d,Preference-p-d","Taxi,Caravan,Autumn,Paris","autumn in paris will be perfect : ) let's stay in caravan and use taxi as you wish .",1.0,0.0,0.0,0.0,0.0,Hostel,Paris,Taxi,Autumn,Caravan,London,Taxi,Autumn,Holiday1,
194,Caravan,Paris,Taxi,Spring,"Any","0","let's go to paris in spring , we can use taxi and stay in a caravan .",0.0,0.0,1.0,0.0,0.0,Hotel,Paris,Subway,Summer,Caravan,Paris,Taxi,Autumn,Holiday1,
196,House,Amsterdam,Taxi,Summer,"Any","0","hi , i want to go to amsterdam in summer . we can stay in a house that we will rent . also , we can travel to wherever we want with taxi .",0.0,1.0,0.0,0.0,0.0,,,,,,,,,Holiday2,
198,House,Amsterdam,Taxi,Summer,"Preference-n-d,Hard Constraint-p-d","Winter,Summer","i have no free time in winter . i will be busy . the best option for me summer .",0.0,0.0,1.0,0.0,0.0,Tent,Seoul,Subway,Winter,House,Amsterdam,Taxi,Summer,Holiday2,
200,House,Amsterdam,Taxi,Summer,"Awareness Feedback","0","do not insist for winter , please .",0.0,0.0,0.0,1.0,0.0,Tent,Seoul,Subway,Winter,House,Amsterdam,Taxi,Summer,Holiday2,
202,House,Amsterdam,Taxi,Summer,"Preference-n-r","Winter","in winter , i have no free time . i want to go in summer to holland . we can use taxi and stay in a house .",0.0,0.0,0.0,1.0,0.0,Tent,Seoul,Subway,Winter,House,Amsterdam,Taxi,Summer,Holiday2,
204,House,Amsterdam,Subway,Summer,"Rewarding-cc","Subway","i can use subway if we go in summer to amsterdam and stay in a house .",0.0,0.0,0.25,0.75,0.0,Tent,Seoul,Subway,Winter,House,Amsterdam,Taxi,Summer,Holiday2,
206,House,Barcelona,Car,Summer,"Any","0","what about barcelona ? we can rent a car in there .",0.0,0.0,0.25,0.75,0.0,Tent,Milan,Subway,Winter,House,Amsterdam,Subway,Summer,Holiday2,
208,House,Barcelona,Car,Summer,"Threatening","0","i can not concede from summer .",0.0,0.0,0.0,0.0,1.0,Tent,Milan,Subway,Autumn,House,Barcelona,Car,Summer,Holiday2,
210,House,Barcelona,Car,Summer,"Preference-n-d","Winter","in winter i have no free time .",0.0,0.0,0.0,1.0,0.0,Hostel,Seoul,Subway,Winter,House,Barcelona,Car,Summer,Holiday2,
212,House,Seoul,Car,Summer,"Preference-n-r,Preference-p-d,Rewarding-cc","Tent,Car,Seoul","tent is not comfortable for me . if we go on summer , i can accept using car in seoul .",0.0,0.0,0.0,1.0,0.0,Tent,Seoul,Car,Spring,House,Barcelona,Car,Summer,Holiday2,
214,House,Milan,Car,Summer,"Comparison","Seoul","milan is better than seoul for me .",0.02,0.42,0.4,0.14,0.02,Caravan,Milan,Subway,Spring,House,Seoul,Car,Summer,Holiday2,
216,House,Seoul,Car,Summer,"Preference-n-d,Preference-n-r","Spring,Subway","i can not go in spring . also , i am claustrophobic , i can not use subway , sorry .",0.0,0.38,0.36,0.26,0.0,Tent,Seoul,Subway,Spring,House,Milan,Car,Summer,Holiday2,
218,House,Seoul,Car,Summer,"Preference-n-d","Winter","i can not go in winter . we can stay in a house in summer . let's go to seoul and use car .",0.0,0.32,0.3,0.39,0.0,Tent,Seoul,Subway,Winter,House,Seoul,Car,Summer,Holiday2,
220,House,Seoul,Car,Summer,"Preference-n-d,Awareness Feedback","Seoul,0","i do not want seoul , you want it .",0.0,0.18,0.16,0.34,0.31,Tent,Seoul,Subway,Winter,House,Seoul,Car,Summer,Holiday2,
222,House,Amsterdam,Taxi,Summer,"Any","0","i want to go to amsterdam in summer . we can stay in a house , and we can use taxi in that city .",0.0,0.0,0.0,0.0,1.0,Tent,Seoul,Subway,Winter,House,Seoul,Car,Summer,Holiday2,
224,House,Barcelona,Bike,Summer,"Any","0","what about riding bike in barcelona ?",0.0,0.0,0.0,0.71,0.29,Tent,Seoul,Subway,Spring,House,Amsterdam,Taxi,Summer,Holiday2,
226,House,Barcelona,Bike,Summer,"Hard Constraint-n-d,Awareness Feedback","Winter,0","i have no free time in winter , do not insist anymore !",0.0,0.0,0.0,0.0,1.0,Tent,Seoul,Subway,Winter,House,Barcelona,Bike,Summer,Holiday2,
228,House,Barcelona,Car,Summer,"Any","0","what about driving car in barcelona ? we can stay in a house in summer ?",0.0,0.0,0.0,1.0,0.0,Tent,Seoul,Subway,Summer,House,Barcelona,Bike,Summer,Holiday2,
230,House,Milan,Car,Summer,"Rewarding-cc,Rewarding-cc","Milan,Car","ok , let's go to milan and drive car as you wish , if we go on summer and stay in a house .",0.0,0.0,0.0,1.0,0.0,Hostel,Milan,Car,Spring,House,Barcelona,Car,Summer,Holiday2,
232,House,Milan,Subway,Summer,"Preference-n-d","Winter","ok , let's use subway . let's go to milan and stay in a house . but , i can not go in winter . let's go in summer , please .",0.0,0.0,0.0,1.0,0.0,House,Barcelona,Subway,Winter,House,Milan,Car,Summer,Holiday2,
234,House,Istanbul,Subway,Summer,"Preference-p-r,Conditional Constraint-p-r","Istanbul,Subway;Istanbul","hi , i am living istanbul , and i have a house in there . let's come here and stay with me . subway of istanbul is really good . in summer , we can travel .",1.0,0.0,0.0,0.0,0.0,,,,,,,,,Holiday1,
236,House,Istanbul,Subway,Autumn,"Any","0","what about going in fall ? istanbul would be a good option to stay in a house . we can use metro also .",0.77,0.23,0.0,0.0,0.0,Hotel,Paris,Taxi,Winter,House,Istanbul,Subway,Summer,Holiday1,
238,House,Istanbul,Subway,Winter,"Rewarding-cc,Hard Constraint-p-d","Winter,Subway","subway is the best option for me . let's go in winter as you wish , but i want to go to istanbul and stay in a house .",0.77,0.23,0.0,0.0,0.0,Tent,Paris,Subway,Winter,House,Istanbul,Subway,Autumn,Holiday1,
240,House,Paris,Subway,Winter,"Preference-n-r,Conditional Constraint-p-r","Bike,Subway;Paris","what about paris ? we can rent a house in there . i do not know how to ride a bike , let's use subway . metro system in paris is really developed .",0.52,0.48,0.0,0.0,0.0,House,London,Bike,Winter,House,Istanbul,Subway,Winter,Holiday1,
242,House,Tokyo,Subway,Winter,"Preference-p-d,Rewarding-cc","Tokyo,Subway","tokyo is more preferable for me . let's go to tokyo in winter and use subway as you wish , if we stay in a house .",1.0,0.0,0.0,0.0,0.0,Tent,Tokyo,Subway,Winter,House,Paris,Subway,Winter,Holiday1,
244,Hostel,Berlin,Subway,Winter,"Conditional Constraint-p-d,Rewarding-cc","Berlin;Subway,Winter","what about staying in hostel in berlin ? germans subway system is also developed . we can go in winter as you wish .",0.26,0.74,0.0,0.0,0.0,Hotel,Paris,Subway,Spring,House,Tokyo,Subway,Winter,Holiday1,
246,House,Berlin,Bus,Winter,"Rewarding-cc,Preference-p-d,Conditional Constraint-p-d","Bus,House,Berlin;Winter","what about bus ? we can use bus if we stay in a home . berlin in winter would be good if we stay in a home .",0.09,0.57,0.35,0.0,0.0,House,Berlin,Taxi,Winter,Hostel,Berlin,Subway,Winter,Holiday1,
248,House,Berlin,Bus,Winter,"Preference-p-d","Bus","i am ok if we use bus ?",0.0,0.42,0.58,0.0,0.0,House,Berlin,Taxi,Winter,House,Berlin,Bus,Winter,Holiday1,
250,Hostel,Istanbul,Bike,Summer,"Any","0","let's go to istanbul in summer . we can ride a bike in file . we can stay in a hostel .",0.0,0.0,1.0,0.0,0.0,House,Berlin,Taxi,Winter,House,Berlin,Bus,Winter,Holiday1,
252,Hostel,Tokyo,Bike,Summer,"Any","0","what about tokyo then ?",0.0,0.0,1.0,0.0,0.0,House,London,Bike,Winter,Hostel,Istanbul,Bike,Summer,Holiday1,
254,Hostel,Tokyo,Bike,Autumn,"Any","0","what about fall ?",0.0,0.0,1.0,0.0,0.0,Hotel,Paris,Bus,Winter,Hostel,Tokyo,Bike,Summer,Holiday1,
256,Hostel,London,Subway,Spring,"Rewarding-cc,Rewarding-cc","London,Spring","if we will use subway and stay in a hostel , then i can go to london in spring .",0.0,1.0,0.0,0.0,0.0,Tent,London,Subway,Spring,Hostel,Tokyo,Bike,Autumn,Holiday1,
258,Caravan,Istanbul,Subway,Spring,"Rewarding-cc,Preference-p-d","Caravan,Istanbul","i can stay in a caravan if we go to istanbul .",0.0,0.0,1.0,0.0,0.0,Caravan,Paris,Taxi,Spring,Hostel,London,Subway,Spring,Holiday1,
260,Caravan,Paris,Subway,Spring,"Rewarding-cc,Rewarding-cc,Conditional Constraint-p-r","Paris,Caravan,Paris;Subway","ok , let's go to paris in spring and use caravan , if we use subway ? subway in paris would be great .",0.0,0.0,1.0,0.0,0.0,Caravan,Paris,Taxi,Spring,Caravan,Istanbul,Subway,Spring,Holiday1,
262,Hotel,Tokyo,Subway,Winter,"Rewarding-cc,Rewarding-cc,Preference-n-d","Tokyo,Winter,Tent","ok , let's go to tokyo in winter if we use subway . but , i can not stay in a tent . let's stay in a hotel ?",0.0,0.0,0.88,0.12,0.0,Tent,Tokyo,Subway,Winter,Caravan,Paris,Subway,Spring,Holiday1,
264,Hotel,Tokyo,Subway,Winter,"Any","0","no .",0.0,0.0,0.0,1.0,0.0,House,Berlin,Taxi,Winter,Hotel,Tokyo,Subway,Winter,Holiday1,
266,Hostel,Berlin,Subway,Winter,"Preference-p-d","Berlin;Winter","ok , let's go to berlin in winter as you wish , if we stay in a hostel and use subway .",0.0,0.0,0.0,1.0,0.0,House,Berlin,Taxi,Winter,Hotel,Tokyo,Subway,Winter,Holiday1,
268,House,Berlin,Bus,Winter,"Preference-p-d","Bus","if we go to berlin in winter and stay in a house , i want to use bus .",0.0,0.0,0.0,1.0,0.0,House,Berlin,Taxi,Winter,Hostel,Berlin,Subway,Winter,Holiday1,
270,House,Berlin,Bus,Winter,"Preference-n-r","Hotel","i have no money for hotel .",0.0,0.0,1.0,0.0,0.0,Hotel,Paris,Subway,Spring,House,Berlin,Bus,Winter,Holiday1,
272,Hotel,Tokyo,Subway,Winter,"Any","0","what about staying in a hotel in tokyo in winter ? we can use subway .",0.0,1.0,0.0,0.0,0.0,Tent,Tokyo,Subway,Winter,House,Berlin,Bus,Winter,Holiday1,
274,Hotel,Berlin,Subway,Spring,"Preference-p-d","Spring","spring is better for me . we can go to berlin and stay in a hotel in spring . we can use subway also .",0.0,1.0,0.0,0.0,0.0,Hotel,Paris,Subway,Spring,Hotel,Tokyo,Subway,Winter,Holiday1,
276,Hotel,Berlin,Subway,Spring,"Any","0","no .",0.0,0.0,0.0,0.0,1.0,Hotel,Paris,Subway,Spring,Hotel,Berlin,Subway,Spring,Holiday1,
278,Caravan,Paris,Subway,Spring,"Rewarding-cc","Paris","if we go to paris , i want to stay in a caravan .",0.0,0.0,0.0,1.0,0.0,Hotel,Paris,Subway,Spring,Hotel,Berlin,Subway,Spring,Holiday1,
280,House,Berlin,Bus,Winter,"Rewarding-cc,Rewarding-cc,Comparison","Berlin,Winter,Taxi","berlin in winter would be ok but , i want to stay in a house and use bus instead of taxi . taxi is expensive .",0.0,0.0,0.0,1.0,0.0,House,Berlin,Taxi,Winter,Caravan,Paris,Subway,Spring,Holiday1,
282,House,Berlin,Bus,Winter,"Any","0","no .",0.0,0.0,0.0,0.0,1.0,House,Berlin,Taxi,Winter,House,Berlin,Bus,Winter,Holiday1,
284,House,London,Bus,Winter,"Any","0","ok , let's go to london in winter . we can use bus and stay in a house ?",0.0,0.0,0.0,1.0,0.0,Tent,London,Taxi,Summer,House,Berlin,Bus,Winter,Holiday1,
286,Hostel,Berlin,Bus,Spring,"Any","0","hello ! let's go to berlin in spring . we can stay in a hostel , also we can use bus for transportation",0.0,1.0,0.0,0.0,0.0,,,,,,,,,Holiday1,
288,Hostel,Berlin,Bus,Spring,"Preference-p-r","Berlin","i want to go to berlin because its museums are amazing . in spring , we can stay in a hostel and use bus .",0.0,1.0,0.0,0.0,0.0,House,London,Taxi,Winter,Hostel,Berlin,Bus,Spring,Holiday1,
290,Hostel,Berlin,Taxi,Spring,"Rewarding-cc","Taxi","ok , let's use taxi as you wish , but i want to stay in a hostel in berlin in spring .",0.0,0.54,0.46,0.0,0.0,House,London,Taxi,Winter,Hostel,Berlin,Bus,Spring,Holiday1,
292,Hostel,Berlin,Taxi,Summer,"Any","0","then , let's go on summer ?",0.0,0.0,0.0,1.0,0.0,House,London,Subway,Summer,Hostel,Berlin,Taxi,Spring,Holiday1,
294,Tent,Berlin,Taxi,Spring,"Rewarding-cc","Spring","if we go in spring , i want to stay in a tent in berlin . we can also use taxi in there .",0.0,0.0,1.0,0.0,0.0,House,London,Taxi,Winter,Hostel,Berlin,Taxi,Summer,Holiday1,
296,Tent,Berlin,Taxi,Spring,"Preference-p-d","Berlin","but , i have not seen berlin yet . i want to visit the museums .",0.0,0.0,1.0,0.0,0.0,Hotel,London,Taxi,Winter,Tent,Berlin,Taxi,Spring,Holiday1,
298,Hostel,Tokyo,Taxi,Spring,"Hard Constraint-p-d","Taxi","taxi is the best option for me too . let's go to tokyo in spring , we can stay in a hostel .",0.0,1.0,0.0,0.0,0.0,House,Istanbul,Taxi,Winter,Tent,Berlin,Taxi,Spring,Holiday1,
300,Hostel,Tokyo,Taxi,Spring,"Conditional Constraint-n-d","Winter;London","winter in london ? are you crazy ? it always raining .",0.0,0.0,0.0,0.0,1.0,House,London,Taxi,Winter,Hostel,Tokyo,Taxi,Spring,Holiday1,
302,Hostel,London,Taxi,Spring,"Rewarding-cc","London","let's go to london as you wish , but i want it in spring in a hostel .",0.0,0.0,0.0,1.0,0.0,House,London,Taxi,Winter,Hostel,Tokyo,Taxi,Spring,Holiday1,
304,Hostel,London,Taxi,Spring,"Preference-n-d","House","i don't want to struggle with house .",0.0,0.0,0.0,1.0,0.0,House,London,Taxi,Autumn,Hostel,London,Taxi,Spring,Holiday1,
306,Tent,Istanbul,Taxi,Spring,"Any","0","let's stay in a tent in spring , we can go to istanbul and use taxi in there .",0.0,0.0,1.0,0.0,0.0,House,London,Taxi,Summer,Hostel,London,Taxi,Spring,Holiday1,
308,Tent,London,Subway,Spring,"Preference-n-d,Rewarding-cc","Winter,Subway","i can go to london , but winter is unacceptable for me . we can use subway as you wish .",0.0,0.0,0.86,0.14,0.0,House,London,Subway,Winter,Tent,Istanbul,Taxi,Spring,Holiday1,
310,Caravan,Berlin,Subway,Spring,"Rewarding-cc","Berlin;Spring","if we go to berlin in spring , we can stay in a caravan and use subway in there .",0.0,0.0,1.0,0.0,0.0,Hotel,London,Taxi,Summer,Tent,London,Subway,Spring,Holiday1,
312,Caravan,Berlin,Subway,Spring,"Conditional Constraint-n-d","House;London","i can not stay in a house in london . i want to go to berlin in spring and stay in a caravan . we can use subway in there .",0.0,0.0,0.68,0.32,0.0,House,London,Taxi,Summer,Caravan,Berlin,Subway,Spring,Holiday1,
314,Caravan,London,Bus,Spring,"Rewarding-cc","London","ok , let's go to london as you wish , if you accept going in spring , staying in a caravan and using bus .",0.0,0.0,0.0,1.0,0.0,Hotel,London,Taxi,Winter,Caravan,Berlin,Subway,Spring,Holiday1,
316,Caravan,London,Bike,Spring,"Preference-n-r","Taxi","taxi is expensive transportation . what about riding bike in london ?",0.0,0.0,0.86,0.14,0.0,House,Istanbul,Taxi,Spring,Caravan,London,Bus,Spring,Holiday1,
318,Caravan,Istanbul,Taxi,Spring,"Rewarding-cc,Rewarding-cc","Istanbul,Taxi","if we go to istanbul and use taxi , we should stay in a caravan in spring .",0.0,0.0,0.57,0.43,0.0,Tent,Istanbul,Taxi,Winter,Caravan,London,Bike,Spring,Holiday1,
320,Caravan,Amsterdam,Bike,Autumn,"Conditional Constraint-p-d","Amsterdam;Bike","have you ever think going to amsterdam in fall . in amsterdam , riding will be great . also , we can stay in a caravan .",0.0,1.0,0.0,0.0,0.0,,,,,,,,,Holiday2,
322,Caravan,Amsterdam,Bike,Autumn,"Comparison","Boston","i prefer amsterdam instead of boston . we can drink and dance with the girls in there . i always wonder staying in a caravan . in fall , we can ride bike in there .",0.0,1.0,0.0,0.0,0.0,House,Boston,Taxi,Winter,Caravan,Amsterdam,Bike,Autumn,Holiday2,
324,Caravan,Amsterdam,Taxi,Autumn,"Rewarding-cc","Taxi","let's do it like this , we will use taxi but we will stay in a caravan in amsterdam in fall . what do you think about this ?",0.0,0.0,1.0,0.0,0.0,House,Boston,Taxi,Winter,Caravan,Amsterdam,Bike,Autumn,Holiday2,
326,Caravan,Amsterdam,Taxi,Autumn,"Preference-n-r,Hard Constraint-n-d,Awareness Feedback","Hotel,Boston,0","hotel is expensive . do not insist on boston .",0.0,0.0,0.0,1.0,0.0,Hotel,Boston,Taxi,Summer,Caravan,Amsterdam,Taxi,Autumn,Holiday2,
328,Caravan,Amsterdam,Taxi,Spring,"Preference-n-r","Seoul","seoul is too far , let's go in spring .",0.0,0.0,1.0,0.0,0.0,Tent,Seoul,Taxi,Autumn,Caravan,Amsterdam,Taxi,Autumn,Holiday2,
330,Caravan,Amsterdam,Taxi,Winter,"Rewarding-cc,Rewarding-cc","Taxi,Winter","thank you , we will use taxi in winter , if we go to amsterdam and stay in caravan .",0.0,1.0,0.0,0.0,0.0,House,Amsterdam,Subway,Winter,Caravan,Amsterdam,Taxi,Spring,Holiday2,
